"item_id","order_id","product_id","price_unit","amount","discount","total_price"
63,21,103,650.00,1,30.00,620.00
64,21,107,60.00,2,0.00,120.00
65,22,106,850.00,1,50.00,800.00
66,23,101,180.00,1,25.00,155.00
67,23,102,100.00,1,0.00,100.00
68,24,109,249.90,1,10.00,239.90
69,25,104,220.00,1,20.00,200.00
70,25,105,150.00,1,0.00,150.00
71,26,113,899.90,1,70.00,829.90
72,27,108,90.00,2,0.00,180.00
73,28,111,199.90,1,10.00,189.90
74,28,112,79.90,2,0.00,159.80
75,29,103,650.00,2,0.00,1300.00
76,30,102,100.00,2,5.00,195.00
77,31,110,179.90,1,5.00,174.90
78,32,106,850.00,1,0.00,850.00
79,33,107,60.00,3,0.00,180.00
80,34,101,180.00,1,0.00,180.00
81,35,113,899.90,1,50.00,849.90
82,35,104,220.00,1,0.00,220.00
83,36,109,249.90,2,30.00,469.80
84,37,112,79.90,1,0.00,79.90
85,38,103,650.00,1,20.00,630.00
86,38,108,90.00,1,0.00,90.00
87,39,105,150.00,2,15.00,285.00
88,40,111,199.90,1,10.00,189.90
89,41,110,179.90,1,0.00,179.90
90,41,106,850.00,2,0.00,1700.00
91,41,108,90.00,1,27.00,63.00
92,42,109,249.90,1,0.00,249.90
93,42,103,650.00,1,0.00,650.00
94,42,112,79.90,1,0.00,79.90
95,43,111,199.90,1,0.00,199.90
96,44,106,850.00,1,0.00,850.00
97,45,101,180.00,1,19.87,160.13
98,45,104,220.00,1,26.84,193.16
99,46,113,899.90,1,0.00,899.90
100,47,108,90.00,2,34.41,145.59
101,48,113,899.90,1,25.19,874.71
102,48,102,100.00,1,16.24,83.76
103,49,111,199.90,3,0.00,599.70
104,50,104,220.00,2,0.00,440.00
105,51,113,899.90,2,36.35,1763.45
106,52,104,220.00,3,0.00,660.00
107,53,108,90.00,1,0.00,90.00
108,54,102,100.00,1,0.00,100.00
109,54,110,179.90,1,0.00,179.90
110,55,102,100.00,1,0.00,100.00
111,56,106,850.00,1,34.05,815.95
112,56,104,220.00,1,0.00,220.00
113,57,110,179.90,1,16.93,162.97
114,57,102,100.00,2,0.00,200.00
115,58,109,249.90,1,0.00,249.90
116,59,105,150.00,1,0.00,150.00
117,59,111,199.90,1,0.00,199.90
118,60,104,220.00,1,33.54,186.46
119,61,101,180.00,1,5.16,174.84
120,61,102,100.00,2,0.00,200.00
121,61,111,199.90,1,0.00,199.90
122,62,112,79.90,2,0.00,159.80
123,63,103,650.00,1,0.00,650.00
124,64,111,199.90,1,0.00,199.90
125,64,102,100.00,2,0.00,200.00
126,65,113,899.90,1,0.00,899.90
127,65,103,650.00,1,0.00,650.00
128,65,107,60.00,2,0.00,120.00
129,66,102,100.00,2,0.00,200.00
130,66,107,60.00,1,0.00,60.00
131,67,111,199.90,1,43.90,156.00
132,68,111,199.90,3,0.00,599.70
133,69,105,150.00,1,0.00,150.00
134,70,102,100.00,1,24.62,75.38
135,70,107,60.00,1,0.00,60.00
136,70,110,179.90,1,0.00,179.90
137,71,111,199.90,2,0.00,399.80
138,72,107,60.00,1,0.00,60.00
139,73,107,60.00,1,18.00,42.00
140,73,111,199.90,1,0.00,199.90
141,74,110,179.90,1,0.00,179.90
142,74,111,199.90,1,0.00,199.90
143,75,111,199.90,1,47.84,152.06
144,76,101,180.00,1,0.00,180.00
145,77,110,179.90,1,0.00,179.90
146,77,104,220.00,1,35.94,184.06
147,78,112,79.90,1,16.21,63.69
148,79,111,199.90,3,0.00,599.70
149,79,109,249.90,3,0.00,749.70
150,80,103,650.00,1,0.00,650.00
151,81,104,220.00,1,17.86,202.14
152,82,103,650.00,1,0.00,650.00
153,83,109,249.90,1,42.48,207.42
154,84,101,180.00,2,22.55,337.45
155,85,113,899.90,2,0.00,1799.80
156,85,110,179.90,1,0.00,179.90
157,86,108,90.00,2,0.00,180.00
158,87,101,180.00,1,0.00,180.00
159,88,106,850.00,1,39.26,810.74
160,89,108,90.00,1,27.00,63.00
161,89,101,180.00,1,48.08,131.92
162,90,110,179.90,1,0.00,179.90
163,90,103,650.00,1,0.00,650.00
164,91,112,79.90,1,0.00,79.90
165,91,113,899.90,3,6.16,2693.54
166,92,104,220.00,1,0.00,220.00
167,92,102,100.00,1,0.00,100.00
168,92,110,179.90,2,0.00,359.80
169,93,111,199.90,1,0.00,199.90
170,94,106,850.00,1,0.00,850.00
171,95,111,199.90,1,0.00,199.90
172,95,105,150.00,2,0.00,300.00
173,96,102,100.00,2,25.91,174.09
174,96,105,150.00,1,0.00,150.00
175,97,106,850.00,2,44.61,1655.39
176,98,104,220.00,1,0.00,220.00
177,99,112,79.90,1,0.00,79.90
178,100,105,150.00,1,0.00,150.00
179,100,111,199.90,1,0.00,199.90
180,101,105,150.00,1,13.67,136.33
181,101,113,899.90,1,0.00,899.90
182,102,105,150.00,1,0.00,150.00
183,102,112,79.90,1,0.00,79.90
184,103,105,150.00,1,0.00,150.00
185,104,103,650.00,1,0.00,650.00
186,105,108,90.00,1,0.00,90.00
187,106,102,100.00,1,0.00,100.00
188,107,104,220.00,1,0.00,220.00
189,108,108,90.00,1,0.00,90.00
190,109,112,79.90,1,0.00,79.90
191,110,104,220.00,1,5.12,214.88
192,111,105,150.00,1,0.00,150.00
193,112,111,199.90,1,0.00,199.90
194,112,110,179.90,1,0.00,179.90
195,113,103,650.00,2,0.00,1300.00
196,114,112,79.90,1,0.00,79.90
197,115,110,179.90,1,0.00,179.90
198,116,111,199.90,2,0.00,399.80
199,117,103,650.00,1,0.00,650.00
200,117,108,90.00,1,0.00,90.00
201,118,106,850.00,1,12.24,837.76
202,119,113,899.90,1,19.55,880.35
203,119,109,249.90,3,0.00,749.70
204,119,101,180.00,1,0.00,180.00
205,120,109,249.90,1,0.00,249.90
206,121,103,650.00,2,0.00,1300.00
207,122,110,179.90,1,23.36,156.54
208,122,104,220.00,1,0.00,220.00
209,122,103,650.00,1,0.00,650.00
210,123,112,79.90,1,0.00,79.90
211,124,104,220.00,2,0.00,440.00
212,125,107,60.00,2,0.00,120.00
213,125,106,850.00,2,18.44,1681.56
214,126,108,90.00,1,0.00,90.00
215,127,112,79.90,1,23.97,55.93
216,127,104,220.00,1,0.00,220.00
217,128,111,199.90,1,27.60,172.30
218,128,103,650.00,1,0.00,650.00
219,129,101,180.00,1,0.00,180.00
220,129,112,79.90,1,0.00,79.90
221,129,103,650.00,3,36.17,1913.83
222,130,107,60.00,1,0.00,60.00
223,130,106,850.00,1,0.00,850.00
224,131,105,150.00,1,0.00,150.00
225,131,104,220.00,1,0.00,220.00
226,132,101,180.00,1,21.13,158.87
227,132,113,899.90,1,23.54,876.36
228,133,107,60.00,1,18.00,42.00
229,134,105,150.00,1,0.00,150.00
230,135,106,850.00,3,48.29,2501.71
231,136,107,60.00,2,22.16,97.84
232,137,111,199.90,1,43.93,155.97
233,138,104,220.00,2,13.56,426.44
234,138,110,179.90,1,0.00,179.90
235,139,105,150.00,1,0.00,150.00
236,139,108,90.00,1,0.00,90.00
237,140,109,249.90,2,0.00,499.80
238,141,108,90.00,2,0.00,180.00
239,141,105,150.00,1,0.00,150.00
240,141,106,850.00,1,0.00,850.00
241,142,107,60.00,1,0.00,60.00
242,143,111,199.90,2,15.52,384.28
243,144,104,220.00,1,0.00,220.00
244,144,111,199.90,1,0.00,199.90
245,144,102,100.00,1,6.67,93.33
246,145,103,650.00,1,0.00,650.00
247,145,107,60.00,1,0.00,60.00
248,146,108,90.00,1,0.00,90.00
249,146,110,179.90,1,0.00,179.90
250,147,111,199.90,1,0.00,199.90
251,148,102,100.00,2,0.00,200.00
252,149,104,220.00,2,42.34,397.66
253,149,103,650.00,1,0.00,650.00
254,150,110,179.90,1,0.00,179.90
255,150,101,180.00,3,0.00,540.00
256,151,103,650.00,1,0.00,650.00
257,151,101,180.00,1,16.94,163.06
258,152,108,90.00,2,0.00,180.00
259,152,113,899.90,1,0.00,899.90
260,153,101,180.00,1,0.00,180.00
261,154,108,90.00,2,11.68,168.32
262,154,102,100.00,1,0.00,100.00
263,155,109,249.90,1,0.00,249.90
264,155,105,150.00,2,34.46,265.54
265,155,108,90.00,2,0.00,180.00
266,156,107,60.00,2,0.00,120.00
267,156,106,850.00,1,19.06,830.94
268,157,102,100.00,1,30.00,70.00
269,157,113,899.90,2,0.00,1799.80
270,157,112,79.90,1,0.00,79.90
271,158,113,899.90,2,0.00,1799.80
272,158,107,60.00,3,0.00,180.00
273,159,111,199.90,1,0.00,199.90
274,160,110,179.90,2,0.00,359.80
275,160,104,220.00,3,0.00,660.00
276,161,112,79.90,1,0.00,79.90
277,161,105,150.00,1,5.27,144.73
278,161,101,180.00,2,0.00,360.00
279,162,101,180.00,1,23.89,156.11
280,162,102,100.00,1,0.00,100.00
281,163,101,180.00,1,0.00,180.00
282,164,108,90.00,1,27.00,63.00
283,164,110,179.90,1,0.00,179.90
284,165,101,180.00,1,0.00,180.00
285,165,104,220.00,1,14.51,205.49
286,166,108,90.00,1,22.11,67.89
287,167,113,899.90,1,0.00,899.90
288,167,106,850.00,1,46.45,803.55
289,168,112,79.90,1,23.23,56.67
290,169,102,100.00,1,0.00,100.00
291,169,107,60.00,1,0.00,60.00
292,169,113,899.90,1,19.99,879.91
293,170,109,249.90,1,0.00,249.90
294,171,104,220.00,1,39.16,180.84
295,172,113,899.90,1,0.00,899.90
296,172,110,179.90,1,0.00,179.90
297,173,108,90.00,1,17.36,72.64
298,174,108,90.00,1,0.00,90.00
299,175,107,60.00,1,0.00,60.00
300,176,106,850.00,1,7.78,842.22
301,176,110,179.90,1,0.00,179.90
302,177,104,220.00,1,0.00,220.00
303,178,105,150.00,1,0.00,150.00
304,179,102,100.00,1,0.00,100.00
305,179,106,850.00,1,0.00,850.00
306,180,111,199.90,1,48.55,151.35
307,181,102,100.00,1,0.00,100.00
308,181,105,150.00,1,36.63,113.37
309,182,109,249.90,1,47.80,202.10
310,182,106,850.00,1,0.00,850.00
311,183,113,899.90,1,0.00,899.90
312,184,113,899.90,1,0.00,899.90
313,185,113,899.90,1,21.39,878.51
314,185,103,650.00,1,0.00,650.00
315,186,105,150.00,3,0.00,450.00
316,187,108,90.00,2,0.00,180.00
317,187,113,899.90,1,13.99,885.91
318,187,105,150.00,1,0.00,150.00
319,188,112,79.90,1,0.00,79.90
320,188,109,249.90,1,0.00,249.90
321,188,102,100.00,1,0.00,100.00
322,189,107,60.00,1,18.00,42.00
323,189,101,180.00,1,46.89,133.11
324,189,113,899.90,2,0.00,1799.80
325,190,108,90.00,1,27.00,63.00
326,191,104,220.00,2,0.00,440.00
327,192,105,150.00,1,15.73,134.27
328,193,108,90.00,1,27.00,63.00
329,194,106,850.00,1,0.00,850.00
330,195,109,249.90,1,0.00,249.90
331,196,101,180.00,1,0.00,180.00
332,196,111,199.90,1,0.00,199.90
333,197,102,100.00,1,7.00,93.00
334,197,110,179.90,1,0.00,179.90
335,198,103,650.00,1,0.00,650.00
336,199,104,220.00,2,18.95,421.05
337,200,111,199.90,1,0.00,199.90
338,201,106,850.00,1,0.00,850.00
339,202,108,90.00,1,0.00,90.00
340,203,103,650.00,1,8.60,641.40
341,204,107,60.00,1,0.00,60.00
342,204,103,650.00,1,0.00,650.00
343,205,113,899.90,1,0.00,899.90
344,205,101,180.00,1,0.00,180.00
345,206,111,199.90,1,40.03,159.87
346,206,108,90.00,1,0.00,90.00
347,207,106,850.00,1,0.00,850.00
348,208,111,199.90,1,0.00,199.90
349,209,109,249.90,1,0.00,249.90
350,210,108,90.00,1,8.33,81.67
351,211,106,850.00,1,0.00,850.00
352,211,111,199.90,1,12.09,187.81
353,211,113,899.90,1,0.00,899.90
354,212,104,220.00,2,27.23,412.77
355,213,109,249.90,1,0.00,249.90
356,214,109,249.90,2,0.00,499.80
357,214,107,60.00,1,0.00,60.00
358,215,106,850.00,2,0.00,1700.00
359,215,103,650.00,1,48.48,601.52
360,216,105,150.00,1,36.92,113.08
361,217,111,199.90,3,33.13,566.57
362,218,110,179.90,1,0.00,179.90
363,218,113,899.90,1,0.00,899.90
364,219,111,199.90,2,14.49,385.31
365,220,109,249.90,1,16.02,233.88
366,220,105,150.00,2,0.00,300.00
367,221,108,90.00,1,11.47,78.53
368,222,106,850.00,1,15.88,834.12
369,223,101,180.00,1,0.00,180.00
370,224,110,179.90,1,0.00,179.90
371,224,112,79.90,1,0.00,79.90
372,225,107,60.00,1,0.00,60.00
373,226,108,90.00,1,0.00,90.00
374,227,102,100.00,1,0.00,100.00
375,228,101,180.00,1,29.90,150.10
376,229,105,150.00,1,45.00,105.00
377,229,110,179.90,1,0.00,179.90
378,230,109,249.90,1,6.75,243.15
379,231,110,179.90,2,46.91,312.89
380,232,105,150.00,1,0.00,150.00
381,232,110,179.90,1,0.00,179.90
382,233,102,100.00,3,0.00,300.00
383,234,113,899.90,1,0.00,899.90
384,234,110,179.90,1,33.31,146.59
385,235,110,179.90,2,5.85,353.95
386,236,107,60.00,2,0.00,120.00
387,236,109,249.90,2,0.00,499.80
388,237,111,199.90,1,0.00,199.90
389,238,111,199.90,2,0.00,399.80
390,239,105,150.00,1,0.00,150.00
391,239,109,249.90,1,14.33,235.57
392,239,113,899.90,1,20.70,879.20
393,240,109,249.90,1,0.00,249.90
394,241,112,79.90,1,0.00,79.90
395,242,109,249.90,1,0.00,249.90
396,243,104,220.00,1,0.00,220.00
397,243,113,899.90,1,9.51,890.39
398,244,101,180.00,3,34.38,505.62
399,244,109,249.90,2,0.00,499.80
400,245,101,180.00,2,30.84,329.16
401,246,103,650.00,3,0.00,1950.00
402,246,101,180.00,1,0.00,180.00
403,247,110,179.90,1,0.00,179.90
404,248,103,650.00,2,0.00,1300.00
405,249,111,199.90,1,20.17,179.73
406,249,105,150.00,1,0.00,150.00
407,250,102,100.00,1,30.00,70.00
408,251,104,220.00,1,19.83,200.17
409,252,112,79.90,1,18.81,61.09
410,252,104,220.00,1,0.00,220.00
411,253,105,150.00,1,0.00,150.00
412,253,106,850.00,1,0.00,850.00
413,253,110,179.90,3,0.00,539.70
414,254,104,220.00,1,0.00,220.00
415,254,113,899.90,2,0.00,1799.80
416,255,109,249.90,2,29.15,470.65
417,256,104,220.00,1,0.00,220.00
418,257,109,249.90,1,0.00,249.90
419,258,105,150.00,2,0.00,300.00
420,259,102,100.00,1,30.00,70.00
421,260,113,899.90,1,0.00,899.90
422,261,107,60.00,1,0.00,60.00
423,262,102,100.00,3,0.00,300.00
424,262,103,650.00,1,0.00,650.00
425,263,112,79.90,1,0.00,79.90
426,264,105,150.00,1,0.00,150.00
427,265,113,899.90,2,0.00,1799.80
428,266,108,90.00,1,0.00,90.00
429,267,109,249.90,1,0.00,249.90
430,268,112,79.90,1,0.00,79.90
431,269,111,199.90,1,7.74,192.16
432,269,109,249.90,2,0.00,499.80
433,270,106,850.00,2,0.00,1700.00
434,271,103,650.00,1,29.21,620.79
435,272,108,90.00,2,0.00,180.00
436,273,105,150.00,1,0.00,150.00
437,274,104,220.00,1,0.00,220.00
438,275,113,899.90,1,0.00,899.90
439,276,101,180.00,1,38.37,141.63
440,277,104,220.00,2,0.00,440.00
441,277,107,60.00,2,0.00,120.00
442,278,108,90.00,1,0.00,90.00
443,279,107,60.00,1,0.00,60.00
444,280,110,179.90,1,0.00,179.90
445,281,104,220.00,1,0.00,220.00
446,282,111,199.90,1,0.00,199.90
447,282,112,79.90,1,23.97,55.93
448,282,108,90.00,1,0.00,90.00
449,283,102,100.00,1,11.19,88.81
450,283,111,199.90,1,11.80,188.10
451,284,111,199.90,1,0.00,199.90
452,285,107,60.00,1,0.00,60.00
453,286,112,79.90,1,0.00,79.90
454,287,104,220.00,1,0.00,220.00
455,288,107,60.00,1,18.00,42.00
456,289,107,60.00,1,5.43,54.57
457,290,106,850.00,3,0.00,2550.00
458,290,110,179.90,2,0.00,359.80
459,291,102,100.00,1,29.44,70.56
460,292,104,220.00,1,0.00,220.00
461,293,104,220.00,1,0.00,220.00
462,294,103,650.00,1,0.00,650.00
463,294,112,79.90,3,24.67,215.03
464,295,110,179.90,3,33.54,506.16
465,295,107,60.00,2,0.00,120.00
466,296,111,199.90,1,0.00,199.90
467,297,102,100.00,1,0.00,100.00
468,297,105,150.00,1,0.00,150.00
469,298,105,150.00,1,0.00,150.00
470,299,109,249.90,1,0.00,249.90
471,300,110,179.90,2,0.00,359.80
472,301,112,79.90,2,0.00,159.80
473,301,109,249.90,1,22.13,227.77
474,302,102,100.00,1,18.49,81.51
475,303,112,79.90,1,9.81,70.09
476,303,111,199.90,1,0.00,199.90
477,303,108,90.00,1,0.00,90.00
478,304,111,199.90,3,19.43,580.27
479,305,107,60.00,3,36.27,143.73
480,306,113,899.90,1,30.37,869.53
481,307,101,180.00,1,0.00,180.00
482,307,112,79.90,1,23.97,55.93
483,308,104,220.00,1,0.00,220.00
484,308,105,150.00,2,49.58,250.42
485,309,112,79.90,1,23.97,55.93
486,310,104,220.00,1,0.00,220.00
487,311,111,199.90,3,40.83,558.87
488,311,113,899.90,1,14.99,884.91
489,311,107,60.00,1,0.00,60.00
490,312,108,90.00,2,0.00,180.00
491,313,105,150.00,1,0.00,150.00
492,314,113,899.90,1,0.00,899.90
493,315,106,850.00,1,0.00,850.00
494,315,102,100.00,1,0.00,100.00
495,316,103,650.00,1,24.19,625.81
496,317,111,199.90,1,0.00,199.90
497,318,107,60.00,1,17.53,42.47
498,319,109,249.90,1,10.13,239.77
499,319,103,650.00,1,0.00,650.00
500,320,106,850.00,1,0.00,850.00
501,321,106,850.00,1,21.80,828.20
502,321,102,100.00,1,0.00,100.00
503,322,108,90.00,1,0.00,90.00
504,323,103,650.00,1,0.00,650.00
505,324,104,220.00,2,0.00,440.00
506,325,112,79.90,2,0.00,159.80
507,326,105,150.00,1,40.13,109.87
508,327,102,100.00,1,0.00,100.00
509,328,104,220.00,3,42.35,617.65
510,329,106,850.00,2,43.94,1656.06
511,330,106,850.00,2,0.00,1700.00
512,331,113,899.90,1,0.00,899.90
513,331,101,180.00,1,49.06,130.94
514,332,109,249.90,1,0.00,249.90
515,332,111,199.90,1,17.48,182.42
516,332,102,100.00,1,0.00,100.00
517,333,104,220.00,2,0.00,440.00
518,334,107,60.00,1,18.00,42.00
519,335,112,79.90,1,0.00,79.90
520,335,106,850.00,1,0.00,850.00
521,336,106,850.00,2,0.00,1700.00
522,336,102,100.00,3,0.00,300.00
523,337,110,179.90,1,0.00,179.90
524,338,113,899.90,2,46.82,1752.98
525,339,107,60.00,2,36.00,84.00
526,339,104,220.00,2,21.22,418.78
527,339,103,650.00,1,0.00,650.00
528,340,112,79.90,2,0.00,159.80
529,340,113,899.90,1,14.60,885.30
530,341,101,180.00,1,0.00,180.00
531,342,107,60.00,1,0.00,60.00
532,343,113,899.90,2,0.00,1799.80
533,344,110,179.90,1,0.00,179.90
534,345,108,90.00,1,27.00,63.00
535,345,104,220.00,1,0.00,220.00
536,346,102,100.00,1,0.00,100.00
537,347,111,199.90,2,32.31,367.49
538,348,113,899.90,3,0.00,2699.70
539,349,109,249.90,2,21.25,478.55
540,350,109,249.90,1,0.00,249.90
